Genre,Game Name,Earnings,Players,Tournaments
Strategy,Age of Empires,965673.48,792,424
Strategy,Age of Empires II,5047880.13,2643,2416
Strategy,Age of Empires III,146206.97,196,206
Strategy,Age of Empires IV,1616476.52,945,684
Strategy,Age of Empires Online,12812.98,54,76
Strategy,Age of Mythology,306967.15,392,389
Strategy,Among Us,86000.00,14,8
Strategy,Auto Chess,1163720.28,133,52
Strategy,Beyond All Reason,0.00,0,0
Strategy,Brawl Stars,9171511.80,704,210
Strategy,Chess.com,10984703.36,1217,849
Strategy,chess24,4318475.43,90,29
Strategy,chessarena.com,263363.64,134,22
Strategy,Clash of Clans,6950742.37,571,85
Strategy,Clash Royale,9626325.93,582,145
Strategy,Clash Royale x Chess,0.00,0,0
Strategy,Command & Conquer 3,53086.67,9,8
Strategy,Command & Conquer: Red Alert,15000.00,8,1
Strategy,Company of Heroes 2,8561.22,11,6
Strategy,ComPet,2000.00,50,1
Strategy,Dead By Daylight,60000.00,35,9
Strategy,Dead by Daylight Mobile,10000.00,0,1
Strategy,Dota Underlords,26024.18,62,36
Strategy,Endgods,0.00,0,0
Strategy,Farming Simulator 19,689617.90,145,32
Strategy,Farming Simulator 22,181663.39,48,8
Strategy,GeoGuessr,350699.32,81,12
Strategy,Grey Goo,36400.00,18,5
Strategy,Heroes of Might and Magic III,0.00,0,0
Strategy,Identity V,6621388.92,425,31
Strategy,Internet Chess Club,10000.00,6,1
Strategy,Iron Harvest,0.00,0,0
Strategy,Legion TD 2,0.00,0,0
Strategy,Lichess,1316106.01,369,191
Strategy,Loco Dojo Unleashed,1000.00,4,1
Strategy,Men of War: Assault Squad 2,0.00,0,0
Strategy,Multigaming,631156.54,58,12
Strategy,Playchess.com,32866.58,116,9
Strategy,Pokémon GO,1195340.00,411,111
Strategy,Pokémon VGC,718852.00,331,49
Strategy,Prophecy,13000.00,27,4
Strategy,PUBG: BLINDSPOT,6000.00,30,1
Strategy,Rise of Nations: Rise of Legends,69600.00,8,1
Strategy,Sea of Thieves,100000.00,67,4
Strategy,Star Wars: Squadrons,800.00,4,1
Strategy,StarCraft II,43451866.17,2280,7535
Strategy,StarCraft: Brood War,7568369.96,664,544
Strategy,StarCraft: Evo Complete (Mod),22013.18,38,11
Strategy,StarCraft: Remastered,6496544.06,454,904
Strategy,Stormgate,54559.66,97,39
Strategy,Summoners War: Sky Arena,792000.00,33,7
Strategy,Super Mario Party,220.00,4,1
Strategy,Supreme Commander,4901.26,0,1
Strategy,Supreme Commander: Forged Alliance,1290.01,0,1
Strategy,Teamfight Tactics,9622418.25,892,113
Strategy,Temtem,60500.00,35,9
Strategy,TEPPEN,626226.60,53,24
Strategy,The Binding of Isaac,15000.00,16,1
Strategy,Total Annihilation,15000.00,2,1
Strategy,UNO,30000.00,28,3
Strategy,WarCraft III,6308079.74,771,1552
Strategy,WarCraft III: Reforged,2224422.95,212,601
Strategy,"Warhammer 40,000: Dawn of War",88154.20,10,4
Strategy,"Warhammer 40,000: Dawn of War II",0.00,0,0
Strategy,Warparty,1175.00,6,2
Strategy,Windjammers,5651.47,36,16
Strategy,World in Conflict,293338.23,38,11
Strategy,World of Tanks,6875203.11,971,100
Strategy,World of Tanks Blitz,63330.00,14,6
Strategy,ZeroSpace,20000.00,11,2
First-Person Shooter,After-H,138060.40,111,25
First-Person Shooter,Aim Gods,250000.00,2,1
First-Person Shooter,Aliens versus Predator 2,43500.00,2,2
First-Person Shooter,Alliance of Valiant Arms,0.00,0,0
First-Person Shooter,Archangel Hellfire,5500.00,14,9
First-Person Shooter,Battalion 1944,206654.67,135,29
First-Person Shooter,Battlefield 1,0.00,0,0
First-Person Shooter,Battlefield 2,94715.22,0,13
First-Person Shooter,Battlefield 2142,18546.14,0,4
First-Person Shooter,Battlefield 2: Modern Combat,300000.00,20,1
First-Person Shooter,Battlefield 3,25407.46,5,7
First-Person Shooter,Battlefield 4,245766.46,204,145
First-Person Shooter,Battlefield Hardline,13463.28,20,1
First-Person Shooter,Battlefield V,0.00,0,0
First-Person Shooter,Beat Aim,430.00,12,6
First-Person Shooter,Big Buck Hunter Arcade,76200.00,3,1
First-Person Shooter,Black Squad,8480.72,57,17
First-Person Shooter,Blaston,19623.06,27,22
First-Person Shooter,Borderlands 3,50000.00,16,1
First-Person Shooter,Brink,21505.82,5,1
First-Person Shooter,Call of Duty,54799.77,68,5
First-Person Shooter,Call of Duty 2,75090.24,53,17
First-Person Shooter,Call of Duty 4: Modern Warfare,428610.49,446,88
First-Person Shooter,Call of Duty Online,949542.00,0,8
First-Person Shooter,Call of Duty: Advanced Warfare,2611808.93,783,405
First-Person Shooter,Call of Duty: Black Ops,375793.48,118,23
First-Person Shooter,Call of Duty: Black Ops 2,1479139.25,187,54
First-Person Shooter,Call of Duty: Black Ops 4,6734938.95,389,82
First-Person Shooter,Call of Duty: Black Ops 6,3852200.00,83,13
First-Person Shooter,Call of Duty: Black Ops Cold War,6549000.00,299,92
First-Person Shooter,Call of Duty: Black Ops III,3939783.29,424,78
First-Person Shooter,Call of Duty: Blackout,611608.35,175,18
First-Person Shooter,Call of Duty: Ghosts,1594185.25,199,76
First-Person Shooter,Call of Duty: Infinite Warfare,4166705.06,343,84
First-Person Shooter,Call of Duty: Mobile,9364832.75,477,44
First-Person Shooter,Call of Duty: Modern Warfare,7500784.50,396,81
First-Person Shooter,Call of Duty: Modern Warfare 2,117479.89,69,22
First-Person Shooter,Call of Duty: Modern Warfare 3,1161041.56,217,49
First-Person Shooter,Call of Duty: Modern Warfare II,6121126.90,227,38
First-Person Shooter,Call of Duty: Modern Warfare III,6452001.00,176,22
First-Person Shooter,Call of Duty: Vanguard,6321000.00,261,91
First-Person Shooter,Call of Duty: Warzone,13854809.95,1287,407
First-Person Shooter,Call of Duty: Warzone 2.0,0.00,0,0
First-Person Shooter,Call of Duty: WWII,4578021.00,296,77
First-Person Shooter,Chex Quest,100.00,2,1
First-Person Shooter,Contractors,1000.00,20,1
First-Person Shooter,Counter-Strike,13627581.40,4349,1029
First-Person Shooter,Counter-Strike 2,55187317.36,4887,907
First-Person Shooter,Counter-Strike Online,406989.60,70,12
First-Person Shooter,Counter-Strike: Condition Zero,162150.60,111,3
First-Person Shooter,Counter-Strike: Global Offensive,162769575.27,16582,7108
First-Person Shooter,Counter-Strike: Source,3160540.00,1570,358
First-Person Shooter,Critical Ops,123106.41,114,6
First-Person Shooter,CrossFire,31062357.96,1162,418
First-Person Shooter,CrossFire HD,1934161.10,139,7
First-Person Shooter,CrossFire Mobile,6780944.77,280,40
First-Person Shooter,Crysis,11340.95,0,2
First-Person Shooter,Day of Defeat,51180.41,43,4
First-Person Shooter,Day of Defeat: Source,14068.57,50,8
First-Person Shooter,Descent 3,50000.00,1 Player,1
First-Person Shooter,Diabotical,265072.09,399,388
First-Person Shooter,Doom (2016),7000.00,6,1
First-Person Shooter,Doom 3,257748.16,14,4
First-Person Shooter,Doom II: Hell on Earth,5108.56,14,8
First-Person Shooter,DOOMBRINGER,567.77,8,4
First-Person Shooter,Echo Combat,46800.00,16,1
First-Person Shooter,Enemy Territory: Quake Wars,60923.12,27,4
First-Person Shooter,Escape from Tarkov,114600.00,150,4
First-Person Shooter,EV.IO,42999.00,89,8
First-Person Shooter,Evolve,131509.05,110,33
First-Person Shooter,F.E.A.R.,178000.00,20,5
First-Person Shooter,fragpunk,0.00,0,0
First-Person Shooter,Ghost Recon Advanced Warfighter,24000.00,0,2
First-Person Shooter,Gundam Versus,280.00,6,1
First-Person Shooter,Guns of Boom,198750.00,8,21
First-Person Shooter,Halo 2,1640232.93,126,74
First-Person Shooter,Halo 2 Anniversary,468705.05,97,20
First-Person Shooter,Halo 3,2318079.40,214,43
First-Person Shooter,Halo 4,430748.76,66,19
First-Person Shooter,Halo 5: Guardians,7161730.97,248,109
First-Person Shooter,Halo Infinite,7253555.03,280,59
First-Person Shooter,Halo: Combat Evolved,299281.00,118,39
First-Person Shooter,Halo: Reach,772089.97,121,29
First-Person Shooter,Ironsight,0.00,0,0
First-Person Shooter,Islands of Nyne,0.00,0,0
First-Person Shooter,Lemnis Gate,1564.70,6,5
First-Person Shooter,MechWarrior Online,143490.00,0,1
First-Person Shooter,Metal Gear Online,8000.00,37,8
First-Person Shooter,Onward,161820.00,92,8
First-Person Shooter,Overwatch,35274412.38,4047,848
First-Person Shooter,Overwatch 2,13662770.59,1411,151
First-Person Shooter,Painkiller,1015000.00,48,13
First-Person Shooter,Paladins,2490507.60,571,79
First-Person Shooter,Pavlov,1260.00,19,3
First-Person Shooter,Pistol Whip,7500.00,13,1
First-Person Shooter,Point Blank,1908854.12,583,112
First-Person Shooter,Quake 4,564455.57,107,54
First-Person Shooter,Quake Champions,3634313.25,348,297
First-Person Shooter,Quake II,130725.98,37,12
First-Person Shooter,Quake III Arena,1200891.73,312,117
First-Person Shooter,Quake Live,691048.76,240,412
First-Person Shooter,QuakeWorld,104913.39,57,16
First-Person Shooter,Rage,5000.00,3,1
First-Person Shooter,Rainbow Six Extraction,0.00,0,0
First-Person Shooter,Rainbow Six Siege,49885252.94,3084,573
First-Person Shooter,Rainbow Six: Vegas,176400.77,106,7
First-Person Shooter,Rainbow Six: Vegas 2,79000.00,0,8
First-Person Shooter,Realm Royale,263000.00,47,9
First-Person Shooter,Reflex,2458.37,24,9
First-Person Shooter,Resistance 2,50400.00,194,1
First-Person Shooter,Resistance: Fall of Man,2250.00,6,1
First-Person Shooter,Return to Castle Wolfenstein,113424.30,50,3
First-Person Shooter,Rust,50000.00,46,1
First-Person Shooter,S.K.I.L.L. - Special Force 2,154410.43,97,22
First-Person Shooter,S.T.A.L.K.E.R.: Shadow of Chernobyl,4901.26,0,1
First-Person Shooter,Shadowrun,24000.00,0,3
First-Person Shooter,ShootMania Storm,262090.69,108,43
First-Person Shooter,Snapshot VR,1000.00,15,2
First-Person Shooter,Space Junkies,30420.00,33,4
First-Person Shooter,Special Force,130250.00,0,3
First-Person Shooter,Splatoon,1390.00,3,4
First-Person Shooter,Splatoon 2,8930.00,13,6
First-Person Shooter,splitegate 2,0.00,0,0
First-Person Shooter,Star Wars Jedi Knight II: Jedi Outcast,7679.25,0,1
First-Person Shooter,Sudden Attack,0.00,0,0
First-Person Shooter,Team Fortress 2,792247.32,1470,213
First-Person Shooter,The Finals,0.00,0,0
First-Person Shooter,Tower Tag,5170.41,25,5
First-Person Shooter,Uncharted 4: A Thief's End,46235.07,5,1
First-Person Shooter,Unreal Tournament,89000.00,14,5
First-Person Shooter,Unreal Tournament (2016),5084.97,82,8
First-Person Shooter,Unreal Tournament 2003,147473.91,33,14
First-Person Shooter,Unreal Tournament 2004,153296.06,55,14
First-Person Shooter,Unreal Tournament 3,104977.82,7,4
First-Person Shooter,Vail VR,0.00,0,0
First-Person Shooter,VAIL VR,36000.00,30,2
First-Person Shooter,VALORANT,37787830.93,7620,1341
First-Person Shooter,Warface,109555.00,32,2
First-Person Shooter,Warsow,183.00,2,1
First-Person Shooter,Wolfenstein: Enemy Territory,140963.24,152,18
First-Person Shooter,Xonotic,14935.01,96,44
First-Person Shooter,Zombieland VR: Headshot Fever,10000.00,4,1
First-Person Shooter,Zula,162500.00,38,3
Multiplayer Online Battle Arena,Arena of Valor,111511257.36,2291,183
Multiplayer Online Battle Arena,Battlerite,65227.95,88,76
Multiplayer Online Battle Arena,Blankos Block Party,250.00,3,1
Multiplayer Online Battle Arena,Bloodline Champions,41905.32,43,12
Multiplayer Online Battle Arena,Crab Game,45950.00,32,11
Multiplayer Online Battle Arena,Creative Destruction,100000.00,8,1
Multiplayer Online Battle Arena,Deadlock,57610.00,63,8
Multiplayer Online Battle Arena,Defense of the Ancients,928521.91,507,109
Multiplayer Online Battle Arena,Dofus,0.00,0,0
Multiplayer Online Battle Arena,Dota 2,382278250.96,5069,1987
Multiplayer Online Battle Arena,Dream Three Kingdoms 2,0.00,0,1
Multiplayer Online Battle Arena,Heavy Metal Machines,12339.33,35,1
Multiplayer Online Battle Arena,Heroes of Newerth,3073445.72,820,395
Multiplayer Online Battle Arena,Heroes of the Storm,18466719.38,1335,507
Multiplayer Online Battle Arena,Hyper Scape,299000.00,260,4
Multiplayer Online Battle Arena,League of Legends,122013068.43,9687,3035
Multiplayer Online Battle Arena,League of Legends: Wild Rift,11193427.98,1473,117
Multiplayer Online Battle Arena,Legend of Glory,472.66,0,1
Multiplayer Online Battle Arena,Minecraft,4063371.15,710,204
Multiplayer Online Battle Arena,MOBA Legends,225.00,3,1
Multiplayer Online Battle Arena,Mobile Legends: Bang Bang,24494451.87,2391,159
Multiplayer Online Battle Arena,Onmyoji Arena,89679.22,5,1
Multiplayer Online Battle Arena,Pokemon Unite,3881870.54,1085,92
Multiplayer Online Battle Arena,Ragnarök Online,100000.00,21,2
Multiplayer Online Battle Arena,Roblox,100000.00,2,1
Multiplayer Online Battle Arena,Shards of War,1029.21,20,1
Multiplayer Online Battle Arena,SMITE,12580110.75,556,110
Multiplayer Online Battle Arena,Splitgate: Arena Warfare,360000.00,92,4
Multiplayer Online Battle Arena,Teeworlds,0.00,0,0
Multiplayer Online Battle Arena,Vainglory,937421.19,262,36
Role-Playing Game,Blade & Soul,679006.26,89,7
Role-Playing Game,Cave Digger 2,750.00,4,1
Role-Playing Game,Chivalry 2,0.00,0,0
Role-Playing Game,Guild Wars 2,476005.50,152,57
Role-Playing Game,Naraka: Bladepoint,5558830.52,205,16
Role-Playing Game,Old School Runescape,457504.20,84,26
Role-Playing Game,Red Stone,58000.00,12,2
Role-Playing Game,Stardew Valley,97850.00,69,3
Role-Playing Game,Tibia,952.94,1 Player,1
Role-Playing Game,World of WarCraft,9150537.61,503,225
Fighting Game,Acceleration of SUGURI 2,410.00,8,3
Fighting Game,Akatsuki Blitzkampf,20.00,3,1
Fighting Game,Aquapazza: Aquaplus Dream Match,245.00,5,2
Fighting Game,Arcana Heart 3,1000.00,4,1
Fighting Game,Arcana Heart 3: Love Max Six Stars!!!!!,570.00,8,4
Fighting Game,Arcana Heart 3: LOVE MAX!!!!!,410.00,6,2
Fighting Game,ARMS,24931.62,139,151
Fighting Game,Asuka 120% LimitOver BURNING Fest.,10.00,3,1
Fighting Game,Attack on Titan Tribute Game,108650.00,21,15
Fighting Game,BlazBlue: Calamity Trigger,35.00,3,1
Fighting Game,BlazBlue: Central Fiction,106192.78,130,57
Fighting Game,BlazBlue: Chronophantasma,37020.58,63,15
Fighting Game,BlazBlue: Chronophantasma Extend,4918.77,28,11
Fighting Game,BlazBlue: Continuum Shift Extend,0.00,3,1
Fighting Game,BlazBlue: Continuum Shift II,24591.01,14,5
Fighting Game,BlazBlue: Cross Tag Battle,98682.70,133,43
Fighting Game,Bloody Roar Extreme,1370.00,3,1
Fighting Game,Brawlhalla,4589405.74,921,727
Fighting Game,Brawlout,0.00,0,0
Fighting Game,Breakers Revenge,16.00,3,1
Fighting Game,Capcom vs. SNK,140.00,6,2
Fighting Game,Capcom vs. SNK 2,25966.79,39,24
Fighting Game,Chaos Code: New Sign of Catastrophe,140.00,3,1
Fighting Game,Dead or Alive 4,506083.01,48,14
Fighting Game,Dead or Alive 5,0.00,4,2
Fighting Game,Dead or Alive 5 Ultimate,0.00,37,7
Fighting Game,Dead or Alive 5: Last Round,15413.82,46,20
Fighting Game,Dead or Alive 6,64742.54,67,21
Fighting Game,Dead or Alive Ultimate,30000.00,3,1
Fighting Game,Def Jam: Fight for NY,550.00,6,3
Fighting Game,Dengeki Bunko: Fighting Climax,60.00,3,1
Fighting Game,Dengeki Bunko: Fighting Climax Ignition,3852.80,40,14
Fighting Game,Digimon Rumble Arena,200.00,5,2
Fighting Game,Divekick,5840.00,27,11
Fighting Game,DNF Duel,129145.48,53,13
Fighting Game,Dragon Ball FighterZ,518915.52,300,183
Fighting Game,Dragon Ball Z: Budokai 3,204.06,3,1
Fighting Game,Duck Game,750.00,5,2
Fighting Game,Eternal Fighter Zero,1311.60,7,2
Fighting Game,Fantasy Strike,5799.80,21,5
Fighting Game,Fatal Fury: City of the Wolves,1000000.00,16,1
Fighting Game,Fight of Animals,630.68,9,4
Fighting Game,Fighter's History Dynamite,195.00,3,1
Fighting Game,Fighting EX Layer,1642.96,16,7
Fighting Game,Garou: Mark of the Wolves,658.71,13,4
Fighting Game,Granblue Fantasy Versus: Rising,154742.80,79,22
Fighting Game,Granblue Fantasy: Versus,205435.88,125,87
Fighting Game,Guilty Gear,32.00,3,1
Fighting Game,Guilty Gear -STRIVE-,694848.84,319,116
Fighting Game,Guilty Gear Xrd -REVELATOR-,36437.43,61,19
Fighting Game,Guilty Gear Xrd -SIGN-,38065.66,82,39
Fighting Game,Guilty Gear Xrd REV 2,145852.10,136,67
Fighting Game,Guilty Gear XX,0.00,5,2
Fighting Game,Guilty Gear XX #Reload,0.00,3,1
Fighting Game,Guilty Gear XX Accent Core,10365.00,33,4
Fighting Game,Guilty Gear XX Accent Core Plus,0.00,3,1
Fighting Game,Guilty Gear XX Accent Core Plus R,20680.90,97,35
Fighting Game,Guilty Gear XX Slash,10250.00,6,2
Fighting Game,Hokuto no Ken,145.00,3,1
Fighting Game,Hyper Street Fighter II,10250.00,8,1
Fighting Game,HYPERFIGHT,140.00,4,2
Fighting Game,Idol Showdown,188.00,3,1
Fighting Game,Injustice 2,837447.16,81,38
Fighting Game,Injustice: Gods Among Us,35176.89,101,117
Fighting Game,JoJo's Bizarre Adventure: All Star Battle R,780.00,8,1
Fighting Game,JoJo's Bizarre Adventure: Heritage for the Future,324.99,8,3
Fighting Game,Kill la Kill the Game: IF,920.00,12,4
Fighting Game,Killer Instinct (2013),268193.54,137,59
Fighting Game,King of Fighters 2002 Unlimited Match,760.00,6,2
Fighting Game,King of Fighters 98,7945.57,7,3
Fighting Game,King of Fighters XI,25.00,3,1
Fighting Game,King of Fighters XIII,46294.28,106,44
Fighting Game,King of Fighters XIV,83801.59,95,41
Fighting Game,King of Fighters XV,409713.14,188,52
Fighting Game,Kirby Fighters 2,222.86,4,1
Fighting Game,Koihime Enbu,1765.00,14,7
Fighting Game,Lethal League Blaze,5643.92,25,12
Fighting Game,Maiden & Spell,325.00,5,2
Fighting Game,Marvel vs. Capcom 2,39279.73,68,29
Fighting Game,Marvel vs. Capcom 3,22343.62,38,12
Fighting Game,Marvel vs. Capcom: Infinite,76256.72,60,22
Fighting Game,Melty Blood: Actress Again,0.00,10,2
Fighting Game,Melty Blood: Actress Again Current Code,12937.44,73,25
Fighting Game,Melty Blood: Type Lumina,63817.23,72,23
Fighting Game,Mighty Fight Federation,100.00,3,1
Fighting Game,Million Arthur: Arcana Blood,7540.00,12,4
Fighting Game,Mordhau,16623.00,40,3
Fighting Game,Mortal Kombat 1,546286.73,137,28
Fighting Game,Mortal Kombat 11,611478.76,236,64
Fighting Game,Mortal Kombat 9,136891.67,67,26
Fighting Game,Mortal Kombat vs. DC Universe,0.00,3,1
Fighting Game,Mortal Kombat X,563532.42,100,62
Fighting Game,Mortal Kombat XL,134263.79,56,19
Fighting Game,MultiVersus,114202.50,59,10
Fighting Game,Mystery Game Tournament,10995.00,56,8
Fighting Game,Naruto Shippuden: Ultimate Ninja Storm 4,4550.00,7,5
Fighting Game,Naruto: Gekitou Ninja Taisen! 4,200.00,3,1
Fighting Game,Ninja Legends,1000.00,6,1
Fighting Game,Nitroplus Blasterz: Heroines Infinite Duel,1994.00,10,4
Fighting Game,Persona 4 Arena,6336.63,42,11
Fighting Game,Persona 4 Arena Ultimax,21138.16,69,22
Fighting Game,Pocket Bravery,452.35,3,1
Fighting Game,Pocket Rumble,185.00,5,2
Fighting Game,Pokkén Tournament,77216.66,65,26
Fighting Game,Pokkén Tournament DX,22125.40,44,28
Fighting Game,Power Instinct: Matrimelee,90.00,5,2
Fighting Game,Power Rangers: Battle for the Grid,6946.80,27,13
Fighting Game,Power Rangers: Legacy Wars,4178.55,2,1
Fighting Game,Project Justice,165.00,3,1
Fighting Game,Project M,205292.09,560,335
Fighting Game,Project Plus,195.00,6,2
Fighting Game,Punch Planet,400.00,6,2
Fighting Game,Red Earth,100.00,3,1
Fighting Game,Rising Thunder,1000.00,3,1
Fighting Game,Rivals of Aether,41314.85,63,24
Fighting Game,Roof Rage,50.00,3,1
Fighting Game,Rushdown Revolt,4160.09,31,18
Fighting Game,Sailor Moon S,3281.19,20,12
Fighting Game,Samurai Shodown (2019),79368.31,77,22
Fighting Game,Samurai Shodown III,70.00,5,2
Fighting Game,Samurai Shodown V Special,590.57,15,5
Fighting Game,Schwarzerblitz,200.00,5,2
Fighting Game,Sekiro: Shadows Die Twice,19596.00,20,1
Fighting Game,Shovel Knight Showdown,60.00,3,1
Fighting Game,Shrek SuperSlam,80.00,4,2
Fighting Game,Skullgirls,300.00,3,1
Fighting Game,Skullgirls 2nd Encore,84813.02,84,29
Fighting Game,Skullgirls Encore,9155.40,37,13
Fighting Game,Slap City,600.00,5,2
Fighting Game,SLAYERS FOR HIRE,600.00,8,2
Fighting Game,Smash Remix,299.06,4,1
Fighting Game,SNK Heroines: Tag Team Frenzy,430.00,3,1
Fighting Game,Soul Calibur II,4980.00,17,8
Fighting Game,Soul Calibur II HD Online,945.41,29,5
Fighting Game,Soul Calibur IV,260.00,3,2
Fighting Game,Soul Calibur V,62928.54,76,28
Fighting Game,Soul Calibur VI,177627.27,128,72
Fighting Game,Stick Fight the Game,700.00,5,2
Fighting Game,Street Fighter 6,10083338.32,467,144
Fighting Game,Street Fighter Alpha 2,3324.69,26,12
Fighting Game,Street Fighter Alpha 3,340.00,16,5
Fighting Game,Street Fighter EX2 Plus,350.00,5,2
Fighting Game,Street Fighter III: 3rd Strike,117008.54,182,58
Fighting Game,Street Fighter IV,15110.82,43,13
Fighting Game,Street Fighter V,2328386.94,278,130
Fighting Game,Street Fighter V: Arcade Edition,2267283.95,244,105
Fighting Game,Street Fighter V: Champion Edition,1254126.27,264,155
Fighting Game,Street Fighter X Tekken,112990.64,140,96
Fighting Game,Super Smash Bros.,79820.05,242,131
Fighting Game,Super Smash Bros. Brawl,248100.83,509,348
Fighting Game,Super Smash Bros. for Wii U,1517451.47,1284,1036
Fighting Game,Super Smash Bros. Melee,4299511.43,2018,2757
Fighting Game,Super Smash Bros. Ultimate,3044975.43,2430,1773
Fighting Game,Super Street Fighter II Turbo,28227.29,126,55
Fighting Game,Super Street Fighter II Turbo HD Remix,22160.00,55,9
Fighting Game,Super Street Fighter IV,30229.30,43,18
Fighting Game,Super Street Fighter IV Arcade Edition,391186.67,195,209
Fighting Game,Tatsunoko vs. Capcom: Ultimate All-Stars,2771.76,16,16
Fighting Game,Teenage Mutant Ninja Turtles: Tournament Fighters,820.00,7,2
Fighting Game,Tekken 4,12500.00,4,4
Fighting Game,Tekken 5,10250.00,10,9
Fighting Game,Tekken 5: Dark Resurrection,12180.00,18,5
Fighting Game,Tekken 6,122743.68,64,30
Fighting Game,Tekken 7,3911820.60,634,426
Fighting Game,Tekken 8,1827102.86,219,42
Fighting Game,Tekken Tag Tournament,0.00,7,4
Fighting Game,Tekken Tag Tournament 2,118501.30,151,140
Fighting Game,The Last Blade 2,60.00,4,2
Fighting Game,The Unspoken,38824.08,7,4
Fighting Game,Them's Fightin' Herds,7218.19,30,30
Fighting Game,Toribash,100.00,3,1
Fighting Game,Tough Love Arena,100.00,3,1
Fighting Game,Touhou Hisoutensoku ~ Choudokyuu Ginyoru no Nazo o Oe,4501.52,18,6
Fighting Game,TowerFall: Ascension,0.00,0,0
Fighting Game,Ultimate Marvel vs. Capcom 3,186832.27,226,199
Fighting Game,Ultimate Mortal Kombat 3,150.00,6,2
Fighting Game,Ultra Fight Da! Kyanta 2,320.00,3,1
Fighting Game,Ultra Street Fighter IV,818394.62,242,233
Fighting Game,Umineko: Golden Fantasia,190.00,9,3
Fighting Game,Under Night In-Birth EXE: Late,6025.76,52,23
Fighting Game,Under Night In-Birth EXE: Late[cl-r],10362.01,40,10
Fighting Game,Under Night In-Birth EXE: Late[st],54583.33,109,40
Fighting Game,Under Night In-Birth II [Sys:Celes],76510.86,66,15
Fighting Game,Vampire Savior,19072.38,44,25
Fighting Game,Virtua Fighter 4: Evolution,0.00,6,3
Fighting Game,Virtua Fighter 5,39830.00,14,7
Fighting Game,Virtua Fighter 5 Final Showdown,573.77,28,6
Fighting Game,Virtua Fighter 5: Ultimate Showdown,17070.00,22,4
Fighting Game,Windjammers 2,1056.07,3,56
Fighting Game,WWE 2K20,50000.00,20,2
Racing,Asphalt 4,28500.00,5,2
Racing,Asphalt 5,18718.00,6,2
Racing,Asphalt 6: Adrenaline,55000.00,3,1
Racing,Asphalt 9: Legends,51520.00,5,2
Racing,Assetto Corsa,995493.60,304,133
Racing,Assetto Corsa Competizione,597125.90,515,65
Racing,Dirt Rally 2.0,30000.00,9,4
Racing,Epic Roller Coasters VR,1000.00,3,1
Racing,F1 2018,200000.00,21,1
Racing,F1 2019,538047.38,25,2
Racing,F1 2020,752235.00,42,3
Racing,F1 2021,765939.00,35,4
Racing,F1 22,750324.00,25,2
Racing,Forza Horizon 5,25000.00,24,11
Racing,Forza Motorsport (2023),118750.00,143,13
Racing,Forza Motorsport 2,222000.00,17,2
Racing,Forza Motorsport 3,11000.00,3,2
Racing,Forza Motorsport 4,132.37,2,1
Racing,Forza Motorsport 6,172600.00,43,9
Racing,Forza Motorsport 7,842700.00,139,13
Racing,Gran Turismo 3: A-Spec,3250.00,4,2
Racing,Gran Turismo 4,44000.00,5,2
Racing,Gran Turismo Sport,61522.56,126,25
Racing,GRID (2019),218.75,3,1
Racing,Hot Lap League,0.00,0,0
Racing,iRacing.com,3757336.03,1302,189
Racing,Jak 3,0.00,0,0
Racing,Jak and Daxter: The Precursur Legacy,500.00,4,1
Racing,Jak II,0.00,14,1
Racing,KartRider,567366.35,76,20
Racing,Live for Speed,11918.14,28,11
Racing,Mad Skills Motocross 2,80163.00,23,3
Racing,Marbles on Stream,0.00,0,0
Racing,Mario Kart 8 Deluxe,14654.44,55,10
Racing,NASCAR Heat 4,200500.00,34,5
Racing,Nascar Heat 5,6125.00,20,2
Racing,NASCAR Thunder 2002,7679.25,0,1
Racing,NASCAR Thunder 2003,5933.50,0,1
Racing,Need for Speed Carbon,36322.58,12,4
Racing,Need for Speed: Most Wanted,44013.32,18,7
Racing,Need for Speed: ProStreet,32208.46,12,3
Racing,Need for Speed: Shift,10500.00,3,1
Racing,Need for Speed: Underground,43700.00,11,2
Racing,Need for Speed: Underground 2,49187.37,9,3
Racing,Project Cars,68955.21,53,127
Racing,Project Cars 2,66150.00,37,22
Racing,Project Gotham Racing 2,48470.46,4,2
Racing,Project Gotham Racing 3,305624.55,36,11
Racing,Project Gotham Racing 4,25208.46,5,4
Racing,RaceRoom Racing Experience,279172.50,168,28
Racing,Rennsport,2631805.52,73,10
Racing,rFactor,15083.56,51,4
Racing,rFactor 2,2219963.12,557,103
Racing,Speedrunners,150.00,5,2
Racing,Sprint Vector,11750.00,8,1
Racing,Trackmania (2020),1730988.52,1039,991
Racing,TrackMania 2: Canyon,24093.35,26,39
Racing,TrackMania 2: Stadium,200563.87,345,286
Racing,Trackmania 2: Valley,779.34,6,2
Racing,TrackMania Nations,112883.55,43,18
Racing,TrackMania Nations Forever,197927.78,143,86
Racing,Trackmania Turbo,679.41,6,2
Racing,Trackmania United,1027.50,3,1
Racing,Trackmania United Forever,7174.07,26,3
Racing,Trials Fusion,0.00,0,0
Racing,Turbo Racing League,1000000.00,16,9
Racing,Void Racer,460.00,4,1
Racing,WRC 10 FIA World Rally Championship,25250.00,1 Player,1
Sports,Carom 3D,60500.00,11,4
Sports,Dream league Soccer,0.00,0,0
Sports,EA Sports FC 24,7356431.34,348,76
Sports,EA Sports FC 25,901043.00,112,23
Sports,EA Sports FC 26,112544.27,26,3
Sports,EA Sports FC Online,713675.79,96,11
Sports,Echo Arena,193732.32,126,22
Sports,eFootball,492000.00,62,14
Sports,Eleven Table Tennis,0.00,0,0
Sports,FIFA 03,58546.44,13,4
Sports,FIFA 04,48700.00,11,4
Sports,FIFA 05,71915.38,5,8
Sports,FIFA 06,120802.23,24,13
Sports,FIFA 07,238312.23,43,14
Sports,FIFA 08,207129.94,68,17
Sports,FIFA 09,121618.34,52,19
Sports,FIFA 10,126900.53,75,49
Sports,FIFA 11,99983.77,73,79
Sports,FIFA 12,60768.75,59,68
Sports,FIFA 13,458427.82,53,62
Sports,FIFA 14,96347.81,57,69
Sports,FIFA 15,144373.99,167,352
Sports,FIFA 16,118401.61,62,29
Sports,FIFA 17,1487809.08,135,49
Sports,FIFA 18,2233697.69,235,48
Sports,FIFA 19,3287686.79,331,53
Sports,FIFA 20,2598643.56,363,67
Sports,FIFA 2000,50000.00,4,1
Sports,FIFA 2001,46000.00,9,2
Sports,FIFA 2002 World Cup,47000.00,11,2
Sports,FIFA 21,4855659.11,434,63
Sports,FIFA 22,4629302.53,433,76
Sports,FIFA 23,6197022.16,527,99
Sports,FIFA Online 3,1937542.85,124,25
Sports,FIFA Online 4,4087518.33,427,67
Sports,Football Manager 2024,0.00,0,0
Sports,GOALS,1841.26,4,1
Sports,GOLF Plus,5000.00,4,1
Sports,Golf With Your Friends,19400.00,11,2
Sports,Gran Turismo 7,21387.05,15,5
Sports,Gym Masters VR,500.00,4,1
Sports,Just Hoops,0.00,0,0
Sports,Madden NFL 06,100000.00,1 Player,1
Sports,Madden NFL 07,100000.00,1 Player,1
Sports,Madden NFL 08,100000.00,1 Player,1
Sports,Madden NFL 09,100000.00,1 Player,1
Sports,Madden NFL 13,400000.00,8,1
Sports,Madden NFL 16,50000.00,8,1
Sports,Madden NFL 17,1004000.00,42,5
Sports,Madden NFL 18,423676.62,40,3
Sports,Madden NFL 19,1269992.00,45,5
Sports,Madden NFL 20,923000.00,38,2
Sports,Madden NFL 2004,1500.00,3,1
Sports,Madden NFL 21,1280000.00,66,6
Sports,Madden NFL 22,1650000.00,37,4
Sports,Madden NFL 23,1700000.00,37,4
Sports,Madden NFL 24,1700000.00,86,6
Sports,Madden NFL 25,100000.00,8,1
Sports,Mario Tennis Aces,61.30,6,2
Sports,NBA 2K Online,0.00,0,0
Sports,NBA 2K Online 2,0.00,0,0
Sports,NBA 2K18,1000000.00,91,4
Sports,NBA 2K19,1330000.00,78,4
Sports,NBA 2K20,250000.00,1 Player,1
Sports,NBA 2K21,1330501.00,64,3
Sports,NBA 2K22,2650000.00,92,7
Sports,NBA 2K23,2925000.00,105,9
Sports,NHL '94,3818.56,16,8
Sports,NHL 12,702.93,6,2
Sports,NHL 13,70000.00,1 Player,1
Sports,NHL 14,3023.96,6,3
Sports,NHL 15,3157.16,3,3
Sports,NHL 17,0.00,0,0
Sports,NHL 18,102700.00,20,6
Sports,NHL 19,22566.67,10,8
Sports,NHL 23,105250.00,12,4
Sports,Nock,4050.00,12,2
Sports,Pro Evolution Soccer 2008,2084.15,6,3
Sports,Pro Evolution Soccer 2009,1395.97,5,2
Sports,Pro Evolution Soccer 2013,0.00,0,0
Sports,Pro Evolution Soccer 2014,29410.25,4,1
Sports,Pro Evolution Soccer 2015,26544.76,3,1
Sports,Pro Evolution Soccer 2016,27243.84,17,6
Sports,Pro Evolution Soccer 2017,514697.71,39,16
Sports,Pro Evolution Soccer 2018,250000.00,20,3
Sports,Pro Evolution Soccer 2019,216000.00,25,2
Sports,Pro Evolution Soccer 3,25000.00,8,2
Sports,Pro Evolution Soccer 4,40550.64,11,2
Sports,Pro Evolution Soccer 5,32000.00,4,1
Sports,Pro Evolution Soccer 6,20216.82,5,2
Sports,Racket: NX,500.00,3,1
Sports,Ragnaröck,0.00,0,0
Sports,Rezzil Player,61650.00,19,12
Sports,Rocket League,58146566.86,10476,5373
Sports,Rocket League Sideswipe,63500.00,32,4
Sports,Roller Champions,8538.95,60,19
Sports,Slapshot Rebound,1008.27,28,9
Sports,Soccer Stars,0.00,0,0
Sports,SuperPlayer,1000.00,3,1
Sports,Tony Hawk's Project 8,20000.00,3,1
Sports,Walkabout Mini Golf,2000.00,7,2
Sports,Zwift,65370.76,10,7
Collectible Card Game,Artifact Classic,120567.26,286,192
Collectible Card Game,Artifact Foundry,1174.50,21,12
Collectible Card Game,Faeria,75182.14,65,46
Collectible Card Game,Gwent,1544697.17,350,123
Collectible Card Game,Hand of the Gods,94434.20,48,36
Collectible Card Game,Hearthstone,31383483.48,3193,1179
Collectible Card Game,Hearthstone Battlegrounds,1769904.03,309,61
Collectible Card Game,"KARDS, The World War II Card Game",0.00,0,0
Collectible Card Game,Legends of Runeterra,718091.03,284,33
Collectible Card Game,Magic: The Gathering Arena,9794000.00,355,63
Collectible Card Game,Magic: The Gathering Online,1818000.00,173,16
Collectible Card Game,MARVEL SNAP,5000.00,60,29
Collectible Card Game,Mythgard,3000.00,9,3
Collectible Card Game,Parallel,0.00,0,0
Collectible Card Game,Pokémon TCG,0.00,0,0
Collectible Card Game,Pokémon TCG Pocket,15137.85,597,185
Collectible Card Game,Shadowverse,5508473.29,248,44
Collectible Card Game,Shardbound,0.00,0,0
Collectible Card Game,The Elder Scrolls: Legends,5000.00,3,1
Collectible Card Game,Yu-Gi-Oh! Duel Links,48746.72,328,219
Puzzle Game,Catherine,1545.00,11,7
Puzzle Game,Catherine: Full Body,185.00,3,1
Puzzle Game,Cultris II,190.95,3,1
Puzzle Game,Jstris,275.00,12,2
Puzzle Game,Magical Drop III,130.00,3,1
Puzzle Game,Microsoft Excel,114400.00,86,43
Puzzle Game,Pac-man,0.00,0,0
Puzzle Game,Panel Attack,140.00,5,2
Puzzle Game,Puyo Puyo Champions,2482.30,14,5
Puzzle Game,Puyo Puyo Tetris,3422.84,31,16
Puzzle Game,Puyo Puyo Tetris 2,1897.64,14,3
Puzzle Game,Tetr.io,18698.30,39,18
Puzzle Game,Tetris,332834.62,184,134
Puzzle Game,Tetris Effect: Connected,13029.88,35,12
Puzzle Game,Tetris Ultimate,221.00,3,1
Puzzle Game,Twinkle Star Sprites,150.00,4,2
Puzzle Game,Wise Star 2,11000.00,3,1
Battle Royale,Apex Legends,31803237.01,2386,740
Battle Royale,Apex Legends Mobile,0.00,0,0
Battle Royale,Ark: Survival Of The Fittest,0.00,0,0
Battle Royale,Fall Guys,340273.83,250,7
Battle Royale,Farlight 84,0.00,0,0
Battle Royale,Fortnite,209108965.33,11509,2674
Battle Royale,Free Fire,22258992.14,1829,100
Battle Royale,H1Z1,2067122.00,119,13
Battle Royale,Penguin Paradise,0.00,0,0
Battle Royale,PLAYERUNKNOWN'S BATTLEGROUNDS Mobile,89785122.22,4312,344
Battle Royale,PLAYERUNKNOWN’S BATTLEGROUNDS,67037707.91,4017,642
Battle Royale,Radical Heights,120000.00,12,2
Battle Royale,Ring of Elysium,70000.00,9,4
Battle Royale,Rocket Arena,100000.00,24,3
Battle Royale,Rules Of Survival,656000.00,0,4
Battle Royale,Spellbreak,50000.00,42,1
Battle Royale,Super People,144526.00,95,11
Third-Person Shooter,Gears 5,2320920.00,163,112
Third-Person Shooter,Gears of War,252195.57,33,18
Third-Person Shooter,Gears of War 2,135000.00,0,5
Third-Person Shooter,Gears of War 3,7255.81,13,4
Third-Person Shooter,Gears of War 4,3142785.00,155,152
Third-Person Shooter,Gears of War: Ultimate Edition,170000.00,39,3
Third-Person Shooter,Knockout City,0.00,0,0
Third-Person Shooter,Marvel Rivals,14500.00,24,1
Third-Person Shooter,Mobile Suit Gundam: Extreme Vs Maxi Boost ON,420.00,12,2
Third-Person Shooter,PARAVOX,0.00,0,0
Third-Person Shooter,Paravox,0.00,0,0
Third-Person Shooter,PARAVOX,0.00,0,0
Third-Person Shooter,Rogue Company,98110.00,50,4
Third-Person Shooter,The Division 2,27250.00,40,2
Music / Rhythm Game,Audio Trip,650.00,4,2
Music / Rhythm Game,Beat Saber,16692.06,63,11
Music / Rhythm Game,Groove Gunner,0.00,0,0
Music / Rhythm Game,Guitar Hero 5,29218.00,7,3
Music / Rhythm Game,Guitar Hero III: Legends of Rock,36500.00,11,3
Music / Rhythm Game,Guitar Hero: World Tour,12000.00,3,1
Music / Rhythm Game,Just Dance 2014,0.00,3,1
Music / Rhythm Game,osu!,341930.28,1159,286
Music / Rhythm Game,Synth Riders,2100.00,11,7
